<configuration activeAssembly='UPGRADED'>
 <storeType name='CertStore'>
  <branch>
   <node>/[Certificates]name=Certificate Store</node>
  </branch>
  <branch>
   <node>/[KeyPairs]name=Key Pairs</node>
  </branch>
  <branch>
   <node>/[PGPKeyPairs]name=PGP Key Pairs</node>
  </branch>
 </storeType>
 <storeType name='ExtConnsStore'>
  <branch>
   <node>/[AlertManager]name=Default Alert Configuration</node>
  </branch>
  <branch>
   <node>/[AuthProfilesGroup]name=Auth Profiles</node>
  </branch>
  <branch>
   <node>/[AuthnRepositoryGroup]name=Authentication Repositories</node>
  </branch>
  <branch>
   <node>/[CacheManager]name=Cache Manager</node>
  </branch>
  <branch>
   <node>/[ConnectionSetGroup]name=Connection Sets</node>
  </branch>
  <branch>
   <node>/[DbConnectionGroup]name=Database Connections</node>
  </branch>
  <branch>
   <node>/[GSSAcceptors]name=GSS Acceptors</node>
  </branch>
  <branch>
   <node>/[GSSInitiators]name=GSS Initiators</node>
  </branch>
  <branch>
   <node>/[GSSMechanismOidGroup]name=GSS Mechanism OIDs</node>
  </branch>
  <branch>
   <node>/[GSSPrincipalNameOidGroup]name=GSS Principal Name OIDs</node>
  </branch>
  <branch>
   <node>/[GSSPrincipals]name=GSS Principals</node>
  </branch>
  <branch>
   <node>/[ICAPServerGroup]name=ICAP Servers</node>
  </branch>
  <branch>
   <node>/[JMSServiceGroup]name=JMS Services</node>
  </branch>
  <branch>
   <node>/[LdapDirectoryGroup]name=LDAP Directories</node>
  </branch>
  <branch>
   <node>/[NetService]</node>
   <componentType name='KerberosConfiguration'/>
   <componentType name='RemoteHost'/>
   <componentType name='TivoliSettingsReference'/>
  </branch>
  <branch>
   <node>/[OESSecurityRuntimeLoadableModule]name=OES SSM Settings</node>
  </branch>
  <branch>
   <node>/[ProxyServerGroup]name=Proxy Servers</node>
  </branch>
  <branch>
   <node>/[RadiusClients]name=RADIUS Client Settings</node>
  </branch>
  <branch>
   <node>/[RendezvousDaemonGroup]name=Rendezvous Daemon Connections</node>
  </branch>
  <branch>
   <node>/[SMTPServerGroup]name=SMTP Servers</node>
  </branch>
  <branch>
   <node>/[SiteMinderConnectionSet]name=SiteMinder Connections</node>
  </branch>
  <branch>
   <node>/[SunAccessManagerSettings]name=Sun Access Manager Settings</node>
  </branch>
  <branch>
   <node>/[SyslogServerGroup]name=Syslog Servers</node>
  </branch>
  <branch>
   <node>/[TivoliSettingsGroup]name=Tivoli Settings</node>
  </branch>
  <branch>
   <node>/[UrlSetGroup]name=URL Sets</node>
  </branch>
  <branch>
   <node>/[XkmsConfigGroup]name=XKMS Servers</node>
  </branch>
 </storeType>
 <storeType name='ListenersStore'>
  <branch>
   <node>/[CORSGroup]name=CORS Profiles</node>
  </branch>
  <branch>
   <node>/[HSTSProfileGroup]name=HSTS Profiles</node>
  </branch>
  <branch>
   <node>/[NetService]</node>
   <componentType name='AuditTrailManager'/>
   <componentType name='CircuitScheduler'/>
   <componentType name='DirectoryScanner'/>
   <componentType name='FTPScanner'/>
   <componentType name='FileTransfer'/>
   <componentType name='Interface'/>
   <componentType name='InterfaceInvariant'/>
   <componentType name='JMSSession'/>
   <componentType name='PopClient'/>
   <componentType name='RendezvousListener'/>
   <componentType name='SocketProtocol'/>
  </branch>
  <branch>
   <node>/[WAFProfileGroup]name=Threat Protection Profiles</node>
  </branch>
 </storeType>
 <storeType name='PrimaryStore'>
  <branch>
   <node>/</node>
  </branch>
 </storeType>
 <storeType name='ResourceRepository'>
  <branch>
   <node>/[ResourceRepository]name=Resource Repository</node>
  </branch>
 </storeType>
 <storeType name='UserStore'>
  <branch>
   <node>/[UserStore]name=Default User Store</node>
  </branch>
 </storeType>
 <store id='CertStore' type='CertStore'>
  <name>Upgraded CertStore Store</name>
  <description>Store generated from upgrade task</description>
  <connectionCredentials>
   <credential name='url'>CertStore.xml</credential>
  </connectionCredentials>
 </store>
 <store id='ExtConnsStore' type='ExtConnsStore'>
  <name>Upgraded ExtConnsStore Store</name>
  <description>Store generated from upgrade task</description>
  <connectionCredentials>
   <credential name='url'>ExtConnsStore.xml</credential>
  </connectionCredentials>
 </store>
 <store id='ListenersStore' type='ListenersStore'>
  <name>Upgraded ListenersStore Store</name>
  <description>Store generated from upgrade task</description>
  <connectionCredentials>
   <credential name='url'>ListenersStore.xml</credential>
  </connectionCredentials>
 </store>
 <store id='PrimaryStore' type='PrimaryStore'>
  <name>Upgraded PrimaryStore Store</name>
  <description>Store generated from upgrade task</description>
  <connectionCredentials>
   <credential name='url'>PrimaryStore.xml</credential>
  </connectionCredentials>
 </store>
 <store id='ResourceRepository' type='ResourceRepository'>
  <name>Upgraded ResourceRepository Store</name>
  <description>Store generated from upgrade task</description>
  <connectionCredentials>
   <credential name='url'>ResourceRepository.xml</credential>
  </connectionCredentials>
 </store>
 <store id='UserStore' type='UserStore'>
  <name>Upgraded UserStore Store</name>
  <description>Store generated from upgrade task</description>
  <connectionCredentials>
   <credential name='url'>UserStore.xml</credential>
  </connectionCredentials>
 </store>
 <assembly id='UPGRADED'>
  <name>Upgraded Configuration</name>
  <description>Upgraded Assembly, generated Wed May 29 12:04:10 IST 2024</description>
  <component id='CertStore'/>
  <component id='ExtConnsStore'/>
  <component id='ListenersStore'/>
  <component id='PrimaryStore'/>
  <component id='ResourceRepository'/>
  <component id='UserStore'/>
 </assembly>
</configuration>
